id,name,github_url,description,maintainer,category,subcategory,tags,stars_approx,license,last_activity,entry_count_approx,format,has_contributions_guide,editorial_notes,related_lists,added_date
awesome,Awesome,https://github.com/sindresorhus/awesome,"An extensive, community-driven index of awesome lists covering virtually every programming topic and technology.",sindresorhus,Meta Lists,Master Index,meta|curated-list|index|awesome-lists,72k,CC0-1.0,2026,300+,markdown,true,The original and definitive awesome list. Maintained by sindresorhus with strict quality standards — every submitted list must pass a comprehensive linting check. The gold standard for curated GitHub lists.,awesome-awesomeness|awesome-awesome-awesome,2026-04-05
awesome-awesomeness,Awesome Awesomeness,https://github.com/bayandin/awesome-awesomeness,"A curated meta-list organized by programming language, covering awesome lists across the entire software ecosystem.",bayandin,Meta Lists,Language-Organized,meta|programming-languages|curated-list,18k,CC0-1.0,2024,200+,markdown,true,"Organizes awesome lists by programming language rather than topic, making it easy to discover resources for a specific language ecosystem. Complements the main awesome list well.",awesome|lists,2026-04-05
lists,Lists,https://github.com/jnv/lists,"A comprehensive meta-list of useful, silly, and awesome lists curated on GitHub and elsewhere.",jnv,Meta Lists,General Index,meta|curated-list|resources|index,33k,Unknown,2024,400+,markdown,true,One of the largest meta-indexes on GitHub. Uniquely includes non-technical lists alongside technical ones. Great for discovering niche and unusual curated collections.,awesome|awesome-awesomeness,2026-04-05
awesome-awesome-awesome,Awesome Awesome Awesome,https://github.com/t3chnoboy/awesome-awesome-awesome,"A meta-curated collection of awesome lists, organized as a list of lists of lists.",t3chnoboy,Meta Lists,Meta-Curated,meta|curated-list|index,2.2k,Unknown,2023,100+,markdown,false,"A fun, recursive take on the awesome list concept — it's literally a list of lists of lists. More compact than the main indexes but includes some unique finds.",awesome|awesome-awesomeness,2026-04-05
the-book-of-secret-knowledge,The Book of Secret Knowledge,https://github.com/trimstray/the-book-of-secret-knowledge,"A collection of inspiring lists, manuals, cheatsheets, blogs, hacks, one-liners, CLI/web tools, and more.",trimstray,Meta Lists,Multi-Domain,meta|cheatsheets|devops|security|sysadmin,70k,MIT,2026,1000+,markdown,true,"Massive compendium spanning CLI tools, one-liners, sysadmin resources, security tools, and developer cheatsheets. Particularly strong on networking, security, and DevOps. A hidden gem for infrastructure engineers.",awesome|lists,2026-04-05
awesome-machine-learning,Awesome Machine Learning,https://github.com/josephmisiti/awesome-machine-learning,"A curated list of machine learning frameworks, libraries, and software organized by programming language.",josephmisiti,AI & Machine Learning,General ML,machine-learning|deep-learning|frameworks|libraries,27k,CC0-1.0,2025,800+,markdown,true,"One of the oldest and most comprehensive ML resource lists. Organized by language (Python, C++, Java, Go, etc.) and then by ML subdomain. Excellent breadth across the entire ML landscape.",machine-learning-tutorials|awesome-deep-learning,2026-04-05
awesome-llm,Awesome LLM,https://github.com/Hannibal046/Awesome-LLM,"A curated collection of papers and resources related to large language models, including milestone papers, tools, and datasets.",Hannibal046,AI & Machine Learning,Large Language Models,llm|nlp|transformers|papers|research,39k,Unknown,2025,400+,markdown,true,"The definitive academic-oriented LLM resource. Tracks milestone papers chronologically, includes comprehensive model comparisons, and covers training techniques. Essential for researchers tracking the LLM landscape.",llms-from-scratch|awesome-chatgpt-prompts,2026-04-05
awesome-chatgpt-prompts,Awesome ChatGPT Prompts,https://github.com/f/awesome-chatgpt-prompts,"A collection of prompt examples to be used with the ChatGPT model, including role-based and creative prompts.",f,AI & Machine Learning,Prompts,chatgpt|prompts|gpt|ai,28k,Unknown,2025,150+,markdown,true,"The original and most popular ChatGPT prompt collection. Each prompt assigns ChatGPT a specific role (Linux terminal, interviewer, composer, etc.). Community-driven with constant additions.",prompt-engineering-guide|awesome-chatgpt-sindresorhus,2026-04-05
prompt-engineering-guide,Prompt Engineering Guide,https://github.com/dair-ai/Prompt-Engineering-Guide,"A comprehensive guide and resource collection for prompt engineering techniques, papers, and best practices.",dair-ai,AI & Machine Learning,Prompt Engineering,prompt-engineering|llm|chatgpt|techniques,11k,CC0-1.0,2026,200+,markdown,true,"Goes well beyond a simple list — it's a structured educational guide covering chain-of-thought, few-shot, zero-shot, and advanced prompting techniques. Actively maintained with the latest research integrated.",awesome-chatgpt-prompts|awesome-prompt-engineering,2026-04-05
awesome-prompt-engineering,Awesome Prompt Engineering,https://github.com/promptslab/Awesome-Prompt-Engineering,"A research-focused curated list of prompt engineering tools, techniques, papers, and resources.",promptslab,AI & Machine Learning,Prompt Engineering,prompt-engineering|research|llm|nlp,5.7k,Apache-2.0,2026,150+,markdown,true,"Research-heavy prompt engineering collection with strong academic paper coverage. Includes sections on automatic prompt optimization, prompt injection defense, and evaluation frameworks.",prompt-engineering-guide|prompt-engineering-notebooks,2026-04-05
awesome-chatgpt-sindresorhus,Awesome ChatGPT,https://github.com/sindresorhus/awesome-chatgpt,"A curated list of awesome ChatGPT resources including tools, apps, browser extensions, and developer integrations.",sindresorhus,AI & Machine Learning,ChatGPT,chatgpt|openai|gpt|tools,6.2k,CC0-1.0,2026,100+,markdown,true,"Sindresorhus quality — strict curation with a focus on tools, browser extensions, and developer integrations for ChatGPT. Less about prompts, more about the ecosystem around ChatGPT.",awesome-chatgpt-prompts|awesome-chatgpt-humanloop,2026-04-05
ai-collection,AI Collection,https://github.com/ai-collection/ai-collection,"A comprehensive directory of generative AI applications across industries, from copywriting to video generation.",ai-collection,AI & Machine Learning,AI Tools Directory,generative-ai|ai-tools|directory|saas,8.8k,MIT,2026,900+,markdown,true,"Massive directory of generative AI products and services organized by use case (art, code, copywriting, gaming, etc.). Particularly useful for discovering commercial AI tools across verticals.",awesome-generative-ai|awesome-ai-tools,2026-04-05
awesome-generative-ai,Awesome Generative AI,https://github.com/steven2358/awesome-generative-ai,"A curated list of modern generative AI projects, services, tools, and research references.",steven2358,AI & Machine Learning,Generative AI,generative-ai|diffusion|llm|image-generation,12k,CC0-1.0,2026,300+,markdown,true,"Covers the full generative AI spectrum — text, image, audio, video, and code generation. Well-organized with clear categories and regular updates tracking the fast-moving generative AI space.",ai-collection|awesome-chatgpt-prompts,2026-04-05
awesome-deep-learning,Awesome Deep Learning,https://github.com/ChristosChristofidis/awesome-deep-learning,"A curated list of deep learning tutorials, projects, frameworks, libraries, and research papers.",ChristosChristofidis,AI & Machine Learning,Deep Learning,deep-learning|neural-networks|tutorials|research,452k,CC0-1.0,2026,500+,markdown,true,One of the highest-starred lists on all of GitHub. Comprehensive deep learning resource covering everything from introductory courses to cutting-edge papers. Strong emphasis on learning paths.,deep-learning-papers-reading-roadmap|machine-learning-tutorials,2026-04-05
machine-learning-tutorials,Machine Learning Tutorials,https://github.com/ujjwalkarn/Machine-Learning-Tutorials,"A comprehensive collection of machine learning and deep learning tutorials, articles, and resources.",ujjwalkarn,AI & Machine Learning,Tutorials,machine-learning|tutorials|deep-learning|learning,73k,MIT,2026,300+,markdown,true,"Focused purely on learning resources — tutorials, blog posts, and articles organized by ML topic. Great starting point for self-learners covering basics through advanced topics like NLP and computer vision.",awesome-machine-learning|awesome-deep-learning,2026-04-05
deep-learning-papers-reading-roadmap,Deep Learning Papers Reading Roadmap,https://github.com/floodsung/Deep-Learning-Papers-Reading-Roadmap,A structured reading roadmap of deep learning papers organized from foundational to cutting-edge research.,floodsung,AI & Machine Learning,Research Papers,deep-learning|papers|research|reading-list,158k,CC0-1.0,2026,100+,markdown,true,"Invaluable for researchers — provides a structured progression from foundational papers (AlexNet, ResNet) through modern architectures. Papers are organized by topic and difficulty level.",awesome-deep-learning|awesome-llm,2026-04-05
free-programming-books,Free Programming Books,https://github.com/EbookFoundation/free-programming-books,"A massive, multi-language collection of free learning resources — books, courses, interactive tutorials, podcasts, and more.",EbookFoundation,AI & Machine Learning,Learning Resources,books|free-resources|programming|learning|education,341k,CC-BY-4.0,2026,5000+,markdown,true,"The largest free programming resource list on GitHub, available in 40+ languages. Covers every programming language and technology. Includes free courses, interactive tutorials, podcasts, and problem sets alongside books.",machine-learning-tutorials|ai-for-beginners,2026-04-05
ai-for-beginners,AI For Beginners,https://github.com/microsoft/AI-For-Beginners,"Microsoft's 12-week, 24-lesson curriculum covering foundational AI concepts from symbolic AI to neural networks.",microsoft,AI & Machine Learning,Courses,ai|curriculum|microsoft|education|beginners,74k,MIT,2026,24 lessons,mixed,true,"Structured university-style curriculum from Microsoft. Covers symbolic AI, neural networks, computer vision, and NLP with hands-on labs using TensorFlow and PyTorch. Excellent for complete beginners.",generative-ai-for-beginners|ai-agents-for-beginners,2026-04-05
generative-ai-for-beginners,Generative AI for Beginners,https://github.com/microsoft/generative-ai-for-beginners,Microsoft's 21-lesson course teaching everything needed to start building generative AI applications.,microsoft,AI & Machine Learning,Courses,generative-ai|curriculum|microsoft|llm|beginners,90k,MIT,2026,21 lessons,mixed,true,"Picks up where AI-For-Beginners leaves off, focusing specifically on generative AI. Covers prompt engineering, RAG, fine-tuning, and building LLM-powered apps. Hands-on with Python notebooks.",ai-for-beginners|ai-agents-for-beginners,2026-04-05
ai-agents-for-beginners,AI Agents for Beginners,https://github.com/microsoft/ai-agents-for-beginners,"Microsoft's course on designing and building AI agents, covering agent architectures, tool use, and multi-agent patterns.",microsoft,AI & Machine Learning,AI Agents,ai-agents|curriculum|microsoft|llm|beginners,56k,MIT,2026,15 lessons,mixed,true,"The newest in Microsoft's beginner series, focused on agentic AI. Covers agent design patterns, tool integration, multi-agent orchestration, and real-world deployment. Timely given the 2025-2026 agent boom.",generative-ai-for-beginners|awesome-llm-agents,2026-04-05
llms-from-scratch,LLMs from Scratch,https://github.com/rasbt/LLMs-from-scratch,"Code for building a large language model from scratch, step by step, accompanying the book 'Build a Large Language Model From Scratch'.",rasbt,AI & Machine Learning,LLM Implementation,llm|implementation|from-scratch|education|pytorch,385k,CC-BY-4.0,2026,7 chapters,mixed,true,Extraordinary educational resource — walks through implementing a GPT-style model from scratch in PyTorch. Accompanying code for Sebastian Raschka's book. One of the most starred repos in the AI space.,awesome-llm|awesome-deep-learning,2026-04-05
prompt-engineering-notebooks,Prompt Engineering Notebooks,https://github.com/NirDiamant/Prompt_Engineering,A collection of 22 runnable Jupyter notebooks covering prompt engineering techniques from basic to advanced.,NirDiamant,AI & Machine Learning,Prompt Engineering,prompt-engineering|jupyter|notebooks|hands-on,7.4k,Unknown,2026,22 notebooks,mixed,true,"Stands out for being entirely runnable — every technique has an executable Jupyter notebook. Covers chain-of-thought, few-shot, self-consistency, tree-of-thought, and more with working code.",prompt-engineering-guide|awesome-prompt-engineering,2026-04-05
awesome-chatgpt-humanloop,Awesome ChatGPT (Humanloop),https://github.com/humanloop/awesome-chatgpt,"A curated list of tools, demos, and articles related to ChatGPT and GPT-3/4.",humanloop,AI & Machine Learning,ChatGPT,chatgpt|gpt-4|tools|demos,8.2k,Unknown,2025,200+,markdown,true,"Maintained by the Humanloop team (an AI company), giving it a practitioner's perspective. Strong coverage of developer tools, APIs, and integrations rather than just consumer-facing apps.",awesome-chatgpt-sindresorhus|awesome-chatgpt-prompts,2026-04-05
learn-prompting,Learn Prompting,https://github.com/trigaten/Learn_Prompting,An open-source course and community resource for learning prompt engineering techniques and best practices.,trigaten,AI & Machine Learning,Prompt Engineering,prompt-engineering|course|education|llm,4.7k,Unknown,2025,60+ lessons,mixed,true,Course-style resource that powers the learnprompting.org website. Covers basics through advanced techniques like jailbreaking defense and prompt hacking. Community-translated into multiple languages.,prompt-engineering-guide|awesome-chatgpt-prompts,2026-04-05
awesome-gpt,Awesome GPT,https://github.com/formulahendry/awesome-gpt,"A curated list of resources covering GPT, ChatGPT, OpenAI API, and large language model tools and applications.",formulahendry,AI & Machine Learning,GPT Ecosystem,gpt|chatgpt|openai|llm,1k,Unknown,2025,100+,markdown,false,"Compact but well-organized GPT resource list. Covers API wrappers, browser extensions, mobile apps, and developer tools. Good starting point for exploring the OpenAI ecosystem.",awesome-chatgpt-sindresorhus|awesome-chatgpt-prompts,2026-04-05
awesome-llm-powered-agent,Awesome LLM-Powered Agent,https://github.com/hyp1231/awesome-llm-powered-agent,"A curated list of papers and repos about LLM-powered agents, covering planning, tool use, and multi-agent systems.",hyp1231,AI Agents & Frameworks,Research,llm-agents|research|papers|planning,2.2k,MIT,2025,200+,markdown,true,"Academically rigorous collection focused on agent research papers. Strong coverage of planning, reasoning, memory, and tool-use papers. Essential reading for anyone building agent systems from first principles.",awesome-llm-agents|awesome-ai-agents,2026-04-05
awesome-llm-agents,Awesome LLM Agents,https://github.com/junhua/awesome-llm-agents,"A curated overview of agentic AI trends, key papers, and emerging frameworks.",junhua,AI Agents & Frameworks,Research,llm-agents|agentic-ai|papers|trends,84,Apache-2.0,2024,50+,markdown,false,Small but focused collection tracking the evolution of LLM agent architectures. Includes useful trend analysis and paper categorization. A hidden gem for researchers following agentic AI developments.,awesome-llm-powered-agent|awesome-ai-agents,2026-04-05
awesome-ai-agents,Awesome AI Agents,https://github.com/e2b-dev/awesome-ai-agents,"A comprehensive list of AI autonomous agents, frameworks, and platforms maintained by the E2B team.",e2b-dev,AI Agents & Frameworks,Agent Directories,ai-agents|autonomous|frameworks|platforms,27k,Unknown,2025,150+,markdown,true,"The most popular AI agents directory on GitHub. Maintained by E2B (a code sandbox company), so it has a practitioner's lens. Categorizes agents by type: coding, research, general-purpose, and multi-agent.",awesome-ai-sdks|awesome-llm-powered-agent,2026-04-05
awesome-code-ai,Awesome Code AI,https://github.com/sourcegraph/awesome-code-ai,"A curated list of AI coding tools covering code completion, code search, documentation, and developer assistants.",sourcegraph,AI Agents & Frameworks,AI Coding Tools,ai-coding|code-completion|developer-tools|copilot,1.6k,CC0-1.0,2026,100+,markdown,true,"Maintained by Sourcegraph, a code intelligence company. Well-categorized coverage of AI coding tools from autocomplete to full autonomous agents. Note: repo is archived but still valuable as a reference.",awesome-ai-agents|awesome-llm-apps,2026-04-05
awesome-langchain,Awesome LangChain,https://github.com/kyrolabs/awesome-langchain,"A curated list of tools, projects, and resources for the LangChain ecosystem.",kyrolabs,AI Agents & Frameworks,LangChain Ecosystem,langchain|llm|framework|tools,9.3k,CC0-1.0,2026,300+,markdown,true,"Essential companion to the LangChain framework. Covers tools, integrations, templates, tutorials, and production deployments. Actively maintained and keeps pace with LangChain's rapid evolution.",awesome-llm-apps|awesome-ai-agents,2026-04-05
awesome-llm-apps,Awesome LLM Apps,https://github.com/Shubhamsaboo/awesome-llm-apps,"A collection of awesome LLM apps built with RAG, AI agents, and multi-modal capabilities using OpenAI, Anthropic, and open-source models.",Shubhamsaboo,AI Agents & Frameworks,LLM Applications,llm-apps|rag|ai-agents|multi-modal,105k,Apache-2.0,2026,200+,markdown,true,"Rapidly growing collection of practical LLM application examples. Each entry is a working project with code, not just a link. Strong focus on RAG patterns, agent architectures, and multi-modal apps.",awesome-langchain|awesome-ai-agents,2026-04-05
awesome-generative-ai-filipecalegario,Awesome Generative AI (filipecalegario),https://github.com/filipecalegario/awesome-generative-ai,"A curated list of generative AI tools, models, and resources covering text, image, audio, and video generation.",filipecalegario,AI Agents & Frameworks,Generative AI Tools,generative-ai|tools|models|creative-ai,3.4k,CC0-1.0,2025,400+,markdown,true,"Extremely broad generative AI tools directory. Unique for its coverage of creative AI tools — music generation, video synthesis, 3D modeling. Complements steven2358's list with more tool-focused entries.",awesome-generative-ai|ai-collection,2026-04-05
awesome-ai-sdks,Awesome AI SDKs,https://github.com/e2b-dev/awesome-ai-sdks,"A curated list of SDKs, frameworks, and libraries for building AI agents and LLM-powered applications.",e2b-dev,AI Agents & Frameworks,SDKs & Libraries,ai-sdk|frameworks|libraries|agent-development,1.2k,Unknown,2025,80+,markdown,true,"Companion to E2B's AI agents list, focused specifically on the developer SDK layer. Covers orchestration frameworks, tool-use SDKs, and agent building blocks. Useful for choosing your agent stack.",awesome-ai-agents|awesome-langchain,2026-04-05
awesome-gpt-agents,Awesome GPT Agents,https://github.com/fr0gger/Awesome-GPT-Agents,"A curated collection of GPT agents for cybersecurity, focusing on defensive and offensive security use cases.",fr0gger,AI Agents & Frameworks,GPT Agents,gpt-agents|cybersecurity|security|openai,6.5k,Apache-2.0,2024,100+,markdown,true,"Uniquely focused on cybersecurity GPT agents — threat analysis, malware analysis, vulnerability scanning, and incident response. Maintained by a security researcher with deep domain expertise.",awesome-ai-agents|best-gpts,2026-04-05
autonomous-agents,Autonomous Agents,https://github.com/tmgthb/Autonomous-Agents,"A comprehensive list of autonomous AI agent research papers, frameworks, and benchmarks.",tmgthb,AI Agents & Frameworks,Research,autonomous-agents|research|benchmarks|papers,1.2k,MIT,2026,300+,markdown,true,"Research-heavy autonomous agent collection with a unique timeline-based organization. Tracks agent capabilities, benchmarks, and evaluation methods. Updated regularly with the latest papers.",awesome-llm-powered-agent|awesome-ai-agents,2026-04-05
best-gpts,BestGPTs,https://github.com/AgentOps-AI/BestGPTs,"A curated directory of top GPTs organized by category, maintained by AgentOps.",AgentOps-AI,AI Agents & Frameworks,GPT Directory,gpts|chatgpt|directory|openai,1k,MIT,2025,150+,markdown,true,"Maintained by AgentOps, an agent observability company. Categorizes custom GPTs by use case with ratings and descriptions. Useful for discovering production-quality custom GPTs.",awesome-gpt-agents|awesome-chatgpt-sindresorhus,2026-04-05
awesome-ai-tools,Awesome AI Tools,https://github.com/mahseema/awesome-ai-tools,"A curated list of top artificial intelligence tools covering text, image, video, audio, and developer tooling.",mahseema,AI Agents & Frameworks,AI Tools Directory,ai-tools|directory|generative-ai|productivity,4.7k,MIT,2025,200+,markdown,true,"Practical AI tools directory organized by modality (text, image, video, audio, code). Includes both open-source and commercial tools with brief descriptions. Good for quick tool discovery.",ai-collection|awesome-generative-ai,2026-04-05
awesome-public-datasets,Awesome Public Datasets,https://github.com/awesomedata/awesome-public-datasets,"A topic-centric list of high-quality public data sources collected and tidied from blogs, answers, and user responses.",awesomedata,Data Sources & Datasets,Public Datasets,datasets|open-data|public-data|research,291k,Unknown,2026,500+,markdown,true,"One of the most comprehensive public dataset directories on GitHub. Organized by domain (agriculture, biology, economics, education, etc.). Actively maintained with community PRs adding new sources.",awesome-data|awesome-datascience,2026-04-05
awesome-data,Awesome Data,https://github.com/datasets/awesome-data,"A curated collection of links to datasets about everything, maintained by the Datasets organization.",datasets,Data Sources & Datasets,General Datasets,datasets|open-data|collections,920,Unknown,2026,100+,markdown,true,"Part of the Frictionless Data ecosystem. Focuses on machine-readable, standardized datasets rather than raw links. Complements awesome-public-datasets with an emphasis on data quality.",awesome-public-datasets|awesome-datascience,2026-04-05
awesome-datascience,Awesome Data Science,https://github.com/academic/awesome-datascience,An open-source data science repository to learn and apply towards solving real-world problems.,academic,Data Sources & Datasets,Data Science,data-science|machine-learning|tutorials|resources,29k,MIT,2026,400+,markdown,true,"Comprehensive data science resource covering the full pipeline — from data collection to visualization to deployment. Includes courses, books, tools, and competitions. Actively maintained with frequent updates.",awesome-public-datasets|datascience-python,2026-04-05
datascience-python,Datascience (Python),https://github.com/r0f1/datascience,"A curated collection of useful data science resources focused on Python, including libraries, tutorials, and tools.",r0f1,Data Sources & Datasets,Python Data Science,python|data-science|libraries|tools,4.6k,CC0-1.0,2026,200+,markdown,true,"Python-centric data science toolkit list. Well-organized by task (data loading, cleaning, visualization, modeling). Particularly useful for practitioners looking for the right Python library for each step.",awesome-python-data-science|awesome-datascience,2026-04-05
awesome-python-data-science,Awesome Python Data Science,https://github.com/krzjoa/awesome-python-data-science,"A curated list of Python libraries used for data science, including machine learning, deep learning, and data analysis tools.",krzjoa,Data Sources & Datasets,Python Data Science,python|data-science|machine-learning|libraries,3.4k,CC-BY-4.0,2026,300+,markdown,true,"Specifically focused on Python data science libraries with excellent categorization — ML, DL, NLP, computer vision, time series, and more. Includes brief descriptions for each library.",datascience-python|awesome-datascience,2026-04-05
awesome-bigdata,Awesome Big Data,https://github.com/oxnr/awesome-bigdata,"A curated list of awesome big data frameworks, resources, and tools covering the full data stack.",oxnr,Data Sources & Datasets,Big Data,big-data|hadoop|spark|frameworks,14k,MIT,2026,400+,markdown,true,"The definitive big data tools directory. Covers distributed processing, stream processing, SQL-on-Hadoop, columnar databases, graph databases, and more. Organized by data stack layer.",awesome-data-engineering|awesome-streaming,2026-04-05
awesome-public-datasets-caesar,Awesome Public Datasets (caesar0301),https://github.com/caesar0301/awesome-public-datasets,"A topic-centric list of high-quality open datasets in public domains, organized by subject area.",caesar0301,Data Sources & Datasets,Public Datasets,datasets|open-data|public-data|research,74k,MIT,2026,500+,markdown,true,"One of the original public datasets lists, now one of the most starred. Broad domain coverage from climate science to sports. Some overlap with awesomedata's version but includes unique sources.",awesome-public-datasets|awesome-data,2026-04-05
game-datasets,Game Datasets,https://github.com/leomaurodesenv/game-datasets,A curated list of awesome game datasets and tools for building AI in games.,leomaurodesenv,Data Sources & Datasets,Game Datasets,games|datasets|game-ai|machine-learning,1k,CC-BY-4.0,2026,100+,markdown,true,"Niche but valuable — covers game-related datasets for AI research, including player behavior, game design, and procedural generation. Includes tools for data extraction from games.",awesome-public-datasets|awesome-data,2026-04-05
awesome-dataviz,Awesome DataViz,https://github.com/fasouto/awesome-dataviz,"A curated list of data visualization libraries, frameworks, and resources across programming languages.",fasouto,Data Visualization,General Visualization,data-visualization|charts|libraries|d3,3.1k,Unknown,2024,200+,markdown,true,"The primary awesome list for data visualization. Covers JavaScript, Python, R, and native libraries. Organized by language and chart type. Good mix of well-known and emerging visualization tools.",awesome-d3|awesome-visualization-research,2026-04-05
awesome-d3,Awesome D3,https://github.com/wbkd/awesome-d3,"A curated list of D3.js libraries, plugins, utilities, and learning resources.",wbkd,Data Visualization,D3.js,d3js|javascript|svg|visualization,5.3k,Unknown,2023,200+,markdown,true,"The definitive D3.js resource list. Covers charts, maps, utilities, and learning resources built on or around D3. Maintained by webkid, a data visualization studio based in Berlin.",awesome-dataviz|awesome-javascript,2026-04-05
awesome-visualization-research,Awesome Visualization Research,https://github.com/mathisonian/awesome-visualization-research,A curated collection of recommended research papers and readings on data visualization.,mathisonian,Data Visualization,Research,visualization|research|papers|academic,970,MIT,2024,80+,markdown,true,"Academically focused visualization resource. Curates the most influential papers in information visualization, scientific visualization, and visual analytics. Great for understanding the theory behind good visualizations.",awesome-dataviz|awesome-d3,2026-04-05
awesome-graph-generation,Awesome Graph Generation,https://github.com/yuanqidu/awesome-graph-generation,"A curated collection of papers and resources on graph generation, covering molecular, social, and knowledge graphs.",yuanqidu,Data Visualization,Graph Generation,graphs|generation|research|deep-learning,360,Unknown,2025,100+,markdown,false,"Specialized in graph generation research — molecular graphs, social network graphs, and scene graphs. Covers both VAE and GAN-based approaches. Useful at the intersection of graph theory and deep learning.",awesome-dataviz|awesome-deep-learning,2026-04-05
awesome-data-science-viz,Awesome Data Science Viz,https://github.com/quantmind/awesome-data-science-viz,"A curated list of data science and visualization tools spanning Python, D3.js, and web technologies.",quantmind,Data Visualization,Data Science Visualization,data-science|visualization|python|d3,180,Unknown,2022,60+,markdown,false,"Bridges data science and visualization — covers tools useful for exploratory data analysis and presentation. Includes Python (matplotlib, seaborn, plotly) and JavaScript (D3, Vega) ecosystems.",awesome-dataviz|awesome-d3,2026-04-05
awesome-dataviz-javierluraschi,Awesome DataViz (javierluraschi),https://github.com/javierluraschi/awesome-dataviz,A curated list of data visualization libraries and resources with a focus on R and web technologies.,javierluraschi,Data Visualization,R & Web Visualization,dataviz|r-language|web|libraries,4.3k,Unknown,2024,150+,markdown,true,"Originally focused on R visualization ecosystem (ggplot2, plotly for R, Shiny) but expanded to cover web and Python tools. Good for R users looking for visualization options.",awesome-dataviz|awesome-d3,2026-04-05
awesome-data-visualization-alpers,Awesome Data Visualization,https://github.com/alpers/awesome-data-visualization,"A curated list of data visualization resources including tools, communities, books, and courses.",alpers,Data Visualization,Resources & Communities,visualization|resources|communities|learning,19,CC0-1.0,2020,50+,markdown,false,"Small but unique in its focus on visualization communities, conferences, books, and educational resources rather than just tools. Good starting point for learning the craft of data visualization.",awesome-dataviz|awesome-visualization-research,2026-04-05
awesome-visualization-tasks,Awesome Visualization Tasks,https://github.com/sehilyi/awesome-visualization-tasks,A curated list of visualization analysis tasks and taxonomies from academic research.,sehilyi,Data Visualization,Analysis Tasks,visualization|tasks|taxonomy|academic,4,Unknown,2019,30+,markdown,false,Highly specialized academic resource cataloging visualization task taxonomies. Useful for researchers and designers who need to understand the formal vocabulary of visualization analysis tasks.,awesome-visualization-research|awesome-dataviz,2026-04-05
awesome-data-engineering,Awesome Data Engineering,https://github.com/igorbarinov/awesome-data-engineering,"A curated list of data engineering tools, resources, and frameworks covering the full data pipeline.",igorbarinov,Data Engineering,General Data Engineering,data-engineering|etl|pipelines|databases,3.5k,CC0-1.0,2026,200+,markdown,true,"Covers the full data engineering stack — databases, stream processing, batch processing, data lakes, and workflow orchestration. Well-organized by pipeline stage.",awesome-bigdata|awesome-etl,2026-04-05
data-engineer-roadmap,Data Engineer Roadmap,https://github.com/datastacktv/data-engineer-roadmap,"A visual roadmap for aspiring data engineers covering programming, databases, distributed systems, and cloud platforms.",datastacktv,Data Engineering,Learning Path,roadmap|data-engineering|career|learning,8.5k,CC0-1.0,2026,1 roadmap,mixed,true,"Visual roadmap format makes it easy to understand the data engineering learning path. Covers programming languages, databases, distributed systems, and cloud services with skill progression guidance.",awesome-data-engineering|developer-roadmap,2026-04-05
awesome-opensource-data-engineering,Awesome Open Source Data Engineering,https://github.com/gunnarmorling/awesome-opensource-data-engineering,"A curated list of open-source tools for data engineering covering ingestion, storage, transformation, and orchestration.",gunnarmorling,Data Engineering,Open Source Tools,open-source|data-engineering|tools|infrastructure,13k,Unknown,2022,150+,markdown,true,"Exclusively focused on open-source data engineering tools, organized by pipeline stage (ingestion, storage, query, transformation, orchestration). Created by a Decodable engineer with deep domain expertise.",awesome-data-engineering|awesome-etl,2026-04-05
awesome-workflow-engines,Awesome Workflow Engines,https://github.com/meirwah/awesome-workflow-engines,"A curated list of open-source workflow engines covering data pipelines, CI/CD, business processes, and orchestration.",meirwah,Data Engineering,Workflow Orchestration,workflow|orchestration|airflow|pipelines,7.8k,Apache-2.0,2026,100+,markdown,true,"The go-to list for workflow engine comparison. Covers Airflow, Prefect, Dagster, Temporal, and dozens more. Each entry includes language, license, and brief description. Essential for choosing an orchestrator.",awesome-data-engineering|awesome-etl,2026-04-05
awesome-etl,Awesome ETL,https://github.com/pawl/awesome-etl,"A curated list of notable ETL (Extract, Transform, Load) frameworks, libraries, and tools.",pawl,Data Engineering,ETL,etl|data-pipelines|extract|transform,4.3k,Unknown,2024,80+,markdown,true,"Focused specifically on ETL tools — from Python libraries (Pandas, Bonobo) to enterprise platforms (Talend, Informatica). Includes both open-source and commercial tools with brief descriptions.",awesome-data-engineering|awesome-workflow-engines,2026-04-05
awesome-dbt,Awesome dbt,https://github.com/Hiflylabs/awesome-dbt,"A curated list of dbt resources including packages, tools, tutorials, and community content.",Hiflylabs,Data Engineering,dbt,dbt|data-transformation|analytics-engineering|sql,1.7k,GPL-3.0,2026,150+,markdown,true,"The definitive dbt ecosystem resource. Covers packages, macros, tools, tutorials, and blog posts. Actively maintained with the latest dbt Cloud and dbt Core developments. Essential for analytics engineers.",awesome-data-engineering|awesome-etl,2026-04-05
awesome-streaming,Awesome Streaming,https://github.com/manuzhang/awesome-streaming,"A curated list of awesome streaming processing frameworks, applications, and resources.",manuzhang,Data Engineering,Stream Processing,streaming|real-time|kafka|flink,12k,CC0-1.0,2026,100+,markdown,true,"Comprehensive stream processing resource covering Kafka, Flink, Spark Streaming, and newer frameworks. Organized by category (frameworks, benchmarks, readings). Essential for real-time data engineering.",awesome-bigdata|awesome-spark,2026-04-05
awesome-spark,Awesome Spark,https://github.com/awesome-spark/awesome-spark,A curated list of awesome Apache Spark packages and resources.,awesome-spark,Data Engineering,Apache Spark,spark|big-data|distributed-computing|pyspark,1.9k,CC0-1.0,2026,100+,markdown,true,"The go-to Spark ecosystem list. Covers packages, connectors, performance tools, and learning resources. Organized by Spark component (SQL, Streaming, MLlib, GraphX).",awesome-streaming|awesome-bigdata,2026-04-05
awesome-flink,Awesome Flink,https://github.com/wuchong/awesome-flink,A curated list of amazingly awesome Apache Flink and ecosystem resources.,wuchong,Data Engineering,Apache Flink,flink|stream-processing|big-data|real-time,780,CC0-1.0,2025,80+,markdown,true,"Focused Apache Flink resource list covering connectors, deployment tools, and tutorials. Maintained by a Flink community contributor. Good companion to the Flink documentation.",awesome-streaming|awesome-spark,2026-04-05
awesome-db-tools,Awesome DB Tools,https://github.com/mgramin/awesome-db-tools,"Everything that makes working with databases easier — tools for schema management, monitoring, migration, and more.",mgramin,Data Engineering,Database Tools,databases|tools|migration|monitoring,5.1k,CC0-1.0,2026,300+,markdown,true,"Exceptionally well-organized database tools directory. Covers IDEs, CLIs, schema managers, monitoring tools, migration frameworks, and testing utilities. Organized by tool function rather than database type.",awesome-database-learning|awesome-postgres,2026-04-05
awesome-python,Awesome Python,https://github.com/vinta/awesome-python,"An exhaustive curated list of awesome Python frameworks, libraries, software, and resources.",vinta,Developer Tools & Coding,Python,python|frameworks|libraries|tools,46k,MIT,2026,1000+,markdown,true,"The canonical Python ecosystem directory. Rigorously organized by category (web, data, testing, DevOps, etc.) with strict quality standards for inclusion. Also available as a searchable website.",awesome-python-data-science|awesome-javascript,2026-04-05
awesome-javascript,Awesome JavaScript,https://github.com/sorrycc/awesome-javascript,"A collection of awesome browser-side JavaScript libraries, resources, and tools.",sorrycc,Developer Tools & Coding,JavaScript,javascript|frontend|libraries|web,11k,Unknown,2024,500+,markdown,true,"Focused on browser-side JavaScript (not Node.js). Covers UI frameworks, testing, bundling, templating, and more. Complements awesome-nodejs for the full JavaScript ecosystem.",awesome-nodejs|awesome-d3,2026-04-05
awesome-go,Awesome Go,https://github.com/avelino/awesome-go,"A curated list of awesome Go frameworks, libraries, and software with a searchable web interface.",avelino,Developer Tools & Coding,Go,go|golang|frameworks|libraries,66k,CC0-1.0,2026,2000+,markdown,true,The largest and most actively maintained Go ecosystem list. Also available as a searchable website (awesome-go.com). Strict quality standards — submissions require test coverage and godoc documentation.,awesome-rust|awesome-python,2026-04-05
awesome-rust,Awesome Rust,https://github.com/rust-unofficial/awesome-rust,"A curated list of Rust code and resources covering applications, development tools, and libraries.",rust-unofficial,Developer Tools & Coding,Rust,rust|systems-programming|libraries|tools,57k,CC0-1.0,2026,1500+,markdown,true,Comprehensive Rust ecosystem directory maintained by the community. Unique among language lists for including CI status badges on listed projects. Covers both libraries and complete applications written in Rust.,awesome-go|awesome-python,2026-04-05
awesome-nodejs,Awesome Node.js,https://github.com/sindresorhus/awesome-nodejs,A curated list of delightful Node.js packages and resources for server-side JavaScript development.,sindresorhus,Developer Tools & Coding,Node.js,nodejs|npm|javascript|server,16k,CC0-1.0,2026,500+,markdown,true,"Sindresorhus quality curation for the Node.js ecosystem. Covers packages, resources, and tutorials with strict inclusion criteria. Organized by functionality (HTTP, filesystem, testing, etc.).",awesome-javascript|awesome-python,2026-04-05
awesome-docker,Awesome Docker,https://github.com/veggiemonk/awesome-docker,"A curated list of Docker resources including tools, tutorials, and community content for containerization.",veggiemonk,Developer Tools & Coding,Docker,docker|containers|devops|infrastructure,169k,MIT,2026,400+,markdown,true,"By far the most popular Docker resource list. Covers tools, registries, monitoring, security, and development workflows. Includes a newsletter and Twitter account for staying current.",awesome-kubernetes|awesome-scalability,2026-04-05
awesome-kubernetes,Awesome Kubernetes,https://github.com/ramitsurana/awesome-kubernetes,"A curated list for awesome Kubernetes sources including tools, guides, and community resources.",ramitsurana,Developer Tools & Coding,Kubernetes,kubernetes|k8s|cloud-native|devops,36k,Apache-2.0,2026,500+,markdown,true,"Comprehensive Kubernetes ecosystem directory. Covers tools, guides, case studies, and certification resources. Organized by topic (networking, storage, security, CI/CD) with a useful starter guide section.",awesome-docker|awesome-scalability,2026-04-05
awesome-scalability,Awesome Scalability,https://github.com/binhnguyennus/awesome-scalability,"A reading list for designing high-scalability, high-availability, and high-stability systems backed by real-world patterns.",binhnguyennus,Developer Tools & Coding,System Design,scalability|system-design|architecture|distributed-systems,56k,MIT,2024,500+,markdown,true,"Not a tools list but a curated reading list of articles, papers, and case studies about building scalable systems. Organized by topic (caching, load balancing, consistency) with real-world examples from major tech companies.",system-design-primer|awesome-docker,2026-04-05
github-cheat-sheet,GitHub Cheat Sheet,https://github.com/tiimgreen/github-cheat-sheet,A collection of cool hidden and not-so-hidden features of Git and GitHub.,tiimgreen,Developer Tools & Coding,Git & GitHub,git|github|tips|cheatsheet,76k,MIT,2025,100+,markdown,true,"Invaluable collection of Git and GitHub power-user tips. Covers URL shortcuts, keyboard shortcuts, comparing branches, and hidden features. Available in multiple languages. Note: repo is archived but content remains valuable.",best-websites-programmer|developer-roadmap,2026-04-05
best-websites-programmer,Best Websites a Programmer Should Visit,https://github.com/sdmg15/Best-websites-a-programmer-should-visit,"A comprehensive collection of useful websites for programmers covering learning, practice, news, and tools.",sdmg15,Developer Tools & Coding,Learning Resources,websites|learning|programming|resources,213k,MIT,2024,300+,markdown,true,"Curates websites rather than GitHub repos — covering learning platforms, coding challenges, job sites, podcasts, and news aggregators. Organized by purpose. A unique complement to code-focused awesome lists.",free-programming-books|project-based-learning,2026-04-05
build-your-own-x,Build Your Own X,https://github.com/codecrafters-io/build-your-own-x,"Master programming by recreating your favorite technologies from scratch — tutorials for building databases, compilers, bots, and more.",codecrafters-io,Developer Tools & Coding,Project-Based Learning,tutorials|from-scratch|learning|projects,109k,MIT,2026,200+,markdown,true,"Legendary learning resource — teaches by guiding you to build real technologies (Git, Docker, a database, a compiler) from scratch. Covers dozens of project types across multiple programming languages.",project-based-learning|system-design-primer,2026-04-05
project-based-learning,Project Based Learning,https://github.com/practical-tutorials/project-based-learning,A curated list of project-based tutorials organized by programming language for hands-on learning.,practical-tutorials,Developer Tools & Coding,Project-Based Learning,tutorials|projects|learning|hands-on,486k,Unknown,2026,500+,markdown,true,"One of the most starred repos on GitHub. Organized by programming language with tutorials that produce tangible projects. Covers C, Python, JavaScript, Go, Ruby, and many more with real-world project outcomes.",build-your-own-x|free-programming-books,2026-04-05
system-design-primer,System Design Primer,https://github.com/donnemartin/system-design-primer,"Learn how to design large-scale systems — with study guides, flash cards, and real architecture examples for interview prep.",donnemartin,Developer Tools & Coding,System Design,system-design|interviews|architecture|distributed-systems,352k,Unknown,2026,100+,mixed,true,"The definitive system design interview resource. Covers load balancing, caching, databases, async processing, and more with detailed diagrams. Includes Anki flash cards for memorization. Used by millions of engineers.",awesome-scalability|developer-roadmap,2026-04-05
developer-roadmap,Developer Roadmap,https://github.com/kamranahmedse/developer-roadmap,"Interactive roadmaps, guides, and educational content for developers covering frontend, backend, DevOps, and more.",kamranahmedse,Developer Tools & Coding,Career Roadmaps,roadmap|career|learning|web-development,262k,MIT,2024,20+ roadmaps,mixed,true,"Visual, interactive developer roadmaps available at roadmap.sh. Covers frontend, backend, DevOps, AI, blockchain, and more. Updated annually to reflect industry changes. Industry standard for career planning.",system-design-primer|data-engineer-roadmap,2026-04-05
openhands,OpenHands,https://github.com/All-Hands-AI/OpenHands,"An open-source AI agent platform for software development tasks including coding, debugging, and project management.",All-Hands-AI,Coding Agents & AI Dev Tools,AI Agent Platforms,ai-agents|coding|automation|open-source,71k,MIT,2026,N/A,mixed,true,"Formerly Devin alternative. Full-featured AI coding agent with web browsing, terminal access, and code editing capabilities. One of the most active open-source AI agent projects with rapid development.",awesome-ai-agents|langchain,2026-04-05
n8n,n8n,https://github.com/n8n-io/n8n,"A fair-code workflow automation platform with native AI capabilities, connecting 400+ services with a visual builder.",n8n-io,Coding Agents & AI Dev Tools,Workflow Automation,automation|workflow|integration|ai-native,183k,Custom,2026,400+ integrations,mixed,true,The most starred workflow automation tool on GitHub. Combines traditional workflow automation (Zapier-like) with native AI agent capabilities. Self-hostable with a generous free tier.,awesome-workflow-engines|langflow,2026-04-05
langchain,LangChain,https://github.com/langchain-ai/langchain,"A framework for building applications powered by large language models, with composable components for chains, agents, and retrieval.",langchain-ai,Coding Agents & AI Dev Tools,LLM Frameworks,langchain|llm|framework|agents|rag,132k,MIT,2026,N/A,mixed,true,"The most widely adopted LLM application framework. Provides composable building blocks for chains, agents, retrieval, and memory. Massive ecosystem of integrations and extensions. Python and JavaScript versions available.",awesome-langchain|langflow,2026-04-05
langflow,Langflow,https://github.com/langflow-ai/langflow,A visual framework for building multi-agent and RAG applications with a drag-and-drop interface.,langflow-ai,Coding Agents & AI Dev Tools,Visual Builders,langflow|visual-builder|llm|no-code,147k,MIT,2026,N/A,mixed,true,Visual LLM workflow builder that makes complex agent architectures accessible. Drag-and-drop interface generates Python code. Originally built on LangChain but now supports multiple frameworks. Exploded in popularity in 2025-2026.,langchain|dify,2026-04-05
dify,Dify,https://github.com/langgenius/dify,"An open-source platform for building generative AI applications with visual orchestration, RAG, and agent capabilities.",langgenius,Coding Agents & AI Dev Tools,AI App Platforms,llm-platform|rag|agents|workflow,136k,Custom,2026,N/A,mixed,true,"Full-stack LLM application platform combining prompt engineering, RAG pipelines, agent workflows, and model management. Offers both cloud and self-hosted options. Strong enterprise adoption.",langflow|ragflow,2026-04-05
crewai,CrewAI,https://github.com/crewAIInc/crewAI,A framework for orchestrating role-playing AI agents that collaborate to solve complex tasks through structured workflows.,crewAIInc,Coding Agents & AI Dev Tools,Multi-Agent Frameworks,multi-agent|orchestration|crew|collaboration,48k,MIT,2026,N/A,mixed,true,"Pioneered the role-based multi-agent paradigm — define agents with roles, goals, and backstories that work together as a crew. Intuitive API that abstracts complex multi-agent orchestration.",langchain|awesome-ai-agents,2026-04-05
ragflow,RAGFlow,https://github.com/infiniflow/ragflow,An open-source RAG engine based on deep document understanding for building reliable question-answering systems.,infiniflow,Coding Agents & AI Dev Tools,RAG Engines,rag|document-understanding|search|question-answering,77k,Apache-2.0,2026,N/A,mixed,true,"Specialized RAG engine with advanced document parsing — handles PDFs, scanned documents, tables, and images. Built-in chunking strategies and citation tracking. Strong choice for document-heavy RAG use cases.",dify|langchain,2026-04-05
open-webui,Open WebUI,https://github.com/open-webui/open-webui,"A self-hosted, feature-rich web interface for running LLMs locally with support for multiple backends.",open-webui,Coding Agents & AI Dev Tools,LLM Interfaces,webui|self-hosted|llm|interface,130k,Custom,2026,N/A,mixed,true,"The most popular open-source ChatGPT-style interface. Supports Ollama, OpenAI API, and other backends. Features include RAG, web search, model management, and multi-user support. Highly polished UX.",ollama|dify,2026-04-05
ollama,Ollama,https://github.com/ollama/ollama,"Run large language models locally with a simple CLI and API, supporting Llama, Mistral, Gemma, and many more.",ollama,Coding Agents & AI Dev Tools,Local LLM Runtime,llm|local|inference|cli,167k,MIT,2026,100+ models,mixed,true,The simplest way to run LLMs locally. One-command install and model pull. REST API compatible with OpenAI format. Supports quantized models for consumer hardware. Foundation for the local AI ecosystem.,open-webui|langchain,2026-04-05
gemini-cli,Gemini CLI,https://github.com/google-gemini/gemini-cli,"Google's open-source AI agent for the terminal, powered by Gemini models with deep codebase understanding.",google-gemini,Coding Agents & AI Dev Tools,CLI AI Agents,gemini|cli|google|ai-agent|terminal,100k,Apache-2.0,2026,N/A,mixed,true,Google's answer to CLI-based AI coding agents. Leverages Gemini's massive context window for whole-codebase understanding. Open-source with free tier using personal Google account. Gained 100k stars rapidly after launch.,openhands|langchain,2026-04-05
awesome-database-learning,Awesome Database Learning,https://github.com/pingcap/awesome-database-learning,"A curated list of learning materials for understanding database internals, including papers, blogs, courses, and talks.",pingcap,Databases & Knowledge,Database Internals,databases|internals|papers|learning,35k,Unknown,2026,300+,markdown,true,"Maintained by PingCAP (makers of TiDB), giving it deep database engineering credibility. Covers storage engines, query optimization, transactions, distributed systems, and more. Best resource for understanding database internals.",awesome-db-tools|awesome-mysql,2026-04-05
awesome-mysql,Awesome MySQL,https://github.com/shlomi-noach/awesome-mysql,"A curated list of awesome MySQL free and open-source software, libraries, and resources.",shlomi-noach,Databases & Knowledge,MySQL,mysql|databases|sql|tools,2.6k,Unknown,2026,150+,markdown,true,"Maintained by a former GitHub and Booking.com database engineer. Covers backup, monitoring, replication, schema migration, and performance tools. Strong emphasis on operational MySQL.",awesome-postgres|awesome-database-learning,2026-04-05
awesome-postgres,Awesome Postgres,https://github.com/dhamaniasad/awesome-postgres,"A curated list of awesome PostgreSQL software, libraries, tools, and resources.",dhamaniasad,Databases & Knowledge,PostgreSQL,postgresql|databases|sql|tools,3k,Unknown,2026,200+,markdown,true,"The definitive PostgreSQL ecosystem directory. Covers extensions, monitoring tools, migration utilities, GUI clients, and learning resources. Organized by use case with clear descriptions.",awesome-mysql|awesome-database-learning,2026-04-05
awesome-mongodb,Awesome MongoDB,https://github.com/ramnes/awesome-mongodb,"A curated list of awesome MongoDB resources including libraries, tools, tutorials, and articles.",ramnes,Databases & Knowledge,MongoDB,mongodb|nosql|databases|tools,2.6k,Unknown,2026,150+,markdown,true,"Covers the MongoDB ecosystem comprehensively — drivers, ODMs, GUI tools, migration utilities, and monitoring. Includes language-specific sections (Python, Node.js, Go) and deployment resources.",awesome-postgres|awesome-database-learning,2026-04-05
awesome-db,Awesome DB,https://github.com/numetriclabz/awesome-db,"A curated list of amazingly awesome database libraries, resources, and tools organized by database type.",numetriclabz,Databases & Knowledge,General Databases,databases|libraries|tools|nosql|sql,1.4k,Unknown,2024,200+,markdown,false,"Broad database resource covering relational, document, graph, key-value, and time-series databases. Organized by database type rather than tool function. Good overview of the database landscape.",awesome-database-learning|awesome-db-tools,2026-04-05
awesome-copilot,Awesome Copilot,https://github.com/github/awesome-copilot,"Community-contributed instructions, agents, skills, and configurations for GitHub Copilot.",github,AI Agents & Frameworks,AI Coding Tools,github-copilot|ai-coding|agents|instructions,29k,MIT,2026,200+,markdown,true,"Official GitHub-maintained collection of Copilot configurations and custom instructions. Covers agent setup, skill definitions, and workspace configurations. Essential for anyone using GitHub Copilot in agentic mode.",awesome-code-ai|awesome-cursorrules,2026-04-05
awesome-cursorrules,Awesome CursorRules,https://github.com/PatrickJS/awesome-cursorrules,A curated collection of .cursorrules files that enhance the Cursor AI editor with custom rules and behaviors.,PatrickJS,AI Agents & Frameworks,AI Editor Configs,cursor|ai-editor|rules|configuration,39k,CC0-1.0,2026,300+,markdown,true,"Massive community collection of Cursor AI editor rule files. Covers language-specific rules, framework conventions, and coding style enforcement. Gained traction rapidly as Cursor became the dominant AI editor in 2025.",awesome-copilot|awesome-code-ai,2026-04-05
awesome-ai-coding-tools,Awesome AI Coding Tools,https://github.com/ai-for-developers/awesome-ai-coding-tools,"A curated list of AI-powered coding tools covering code generation, review, testing, and documentation.",ai-for-developers,AI Agents & Frameworks,AI Coding Tools,ai-coding|code-generation|developer-tools|productivity,1.6k,MIT,2026,100+,markdown,true,"Practical directory of AI coding tools organized by function — code completion, code review, testing, documentation, and debugging. Includes both open-source and commercial tools with feature comparisons.",awesome-code-ai|awesome-copilot,2026-04-05
awesome-json-datasets,Awesome JSON Datasets,https://github.com/jdorfman/awesome-json-datasets,"A curated list of awesome JSON datasets that don't require authentication, ready for immediate use.",jdorfman,Data Sources & Datasets,JSON APIs,json|datasets|apis|open-data,3.6k,CC0-1.0,2025,100+,markdown,true,"Unique focus on immediately-accessible JSON API endpoints — no API keys needed. Covers government data, climate, cryptocurrency, Reddit, GitHub, and more. Perfect for quick prototyping and demos.",awesome-public-datasets|awesome-data,2026-04-05
awesome-chartjs,Awesome Chart.js,https://github.com/chartjs/awesome,"A curated list of awesome Chart.js resources including plugins, integrations, and examples.",chartjs,Data Visualization,Chart.js,chartjs|javascript|charts|visualization,2.6k,MIT,2026,100+,markdown,true,"Official Chart.js ecosystem list maintained by the Chart.js team. Covers plugins, framework integrations (React, Vue, Angular), and example galleries. Essential for Chart.js users.",awesome-d3|awesome-dataviz,2026-04-05
awesome-dataviz-hal9,Awesome DataViz (hal9),https://github.com/hal9ai/awesome-dataviz,"A curated list of awesome data visualization libraries, frameworks, and resources across platforms.",hal9ai,Data Visualization,General Visualization,data-visualization|libraries|frameworks|tools,4.3k,Unknown,2024,200+,markdown,true,"Maintained by Hal9 (an AI data visualization company). Strong coverage of modern visualization libraries including Plotly, Observable, and AI-assisted charting tools. Practical, tool-focused perspective.",awesome-dataviz|awesome-d3,2026-04-05
awesome-vscode,Awesome VS Code,https://github.com/viatsko/awesome-vscode,"A curated list of delightful VS Code packages, themes, extensions, and resources.",viatsko,Developer Tools & Coding,VS Code,vscode|extensions|editor|developer-tools,29k,CC0-1.0,2026,400+,markdown,true,"The definitive VS Code extension directory. Covers productivity tools, language support, themes, debugging, and Git integrations. Organized by category with brief descriptions and install links.",awesome-python|awesome-javascript,2026-04-05
awesome-ai-gpts,Awesome AI GPTs,https://github.com/EmbraceAGI/Awesome-AI-GPTs,"A curated directory of awesome GPTs, covering OpenAI GPT store apps, prompts, and GPT-4 resources.",EmbraceAGI,Data Sources & Datasets,AI Knowledge Bases,gpts|openai|directory|ai-tools,1.2k,CC0-1.0,2025,200+,markdown,true,Comprehensive directory of custom GPTs from the OpenAI GPT Store. Organized by category with descriptions and direct links. Useful as a dataset of AI application patterns and use cases.,best-gpts|awesome-chatgpt-prompts,2026-04-05
